page,title,url
2,sound effects,https://pixabay.com/sound-effects/
2,Gentle Horse Neigh 3,https://pixabay.com/sound-effects/nature-gentle-horse-neigh-3-499648/
2,horse footsteps,https://pixabay.com/sound-effects/film-special-effects-horse-footsteps-230566/
2,Single Horse Galopp,https://pixabay.com/sound-effects/city-single-horse-galopp-6152/
2,Horse Neigh SFX,https://pixabay.com/sound-effects/nature-horse-neigh-sfx-390299/
2,delicate horse,https://pixabay.com/sound-effects/nature-delicate-horse-69688/
2,Horse,https://pixabay.com/sound-effects/nature-horse-123780/
2,Gentle Horse Neigh 2,https://pixabay.com/sound-effects/technology-gentle-horse-neigh-2-499657/
2,Horse footsteps,https://pixabay.com/sound-effects/film-special-effects-horse-footsteps-189992/
2,Neighing of a horse,https://pixabay.com/sound-effects/nature-neighing-of-a-horse-154724/
2,horse neighing type 02,https://pixabay.com/sound-effects/nature-horse-neighing-type-02-293307/
2,Horse Whinnying Sound Effect,https://pixabay.com/sound-effects/nature-horse-whinnying-sound-effect-339731/
2,Horse Galloping SFX,https://pixabay.com/sound-effects/nature-horse-galloping-sfx-339732/
2,Horse galloping - sound effect,https://pixabay.com/sound-effects/film-special-effects-horse-galloping-sound-effect-521116/
2,Horse,https://pixabay.com/sound-effects/nature-horse-371355/
2,horse neigh shortened,https://pixabay.com/sound-effects/nature-horse-neigh-shortened-84724/
2,2 horse carriage,https://pixabay.com/sound-effects/city-2-horse-carriage-41976/
2,Horse and chariot 30 sec,https://pixabay.com/sound-effects/nature-horse-and-chariot-30-sec-73615/
2,horse with old cart,https://pixabay.com/sound-effects/nature-horse-with-old-cart-27042/
2,Horse eating carrot,https://pixabay.com/sound-effects/nature-horse-eating-carrot-80476/
2,cartoon horse,https://pixabay.com/sound-effects/film-special-effects-cartoon-horse-88594/
3,horse neighing type 01,https://pixabay.com/sound-effects/nature-horse-neighing-type-01-293303/
3,Horse,https://pixabay.com/sound-effects/nature-horse-123782/
3,horse eating,https://pixabay.com/sound-effects/nature-horse-eating-60441/
3,horse run,https://pixabay.com/sound-effects/nature-horse-run-142538/
3,Horse Galopp Race Pferderennen 01,https://pixabay.com/sound-effects/nature-horse-galopp-race-pferderennen-01-101679/
3,Horse,https://pixabay.com/sound-effects/film-special-effects-horse-75930/
3,horse footsteps type 1,https://pixabay.com/sound-effects/nature-horse-footsteps-type-1-235999/
3,Horse Breathing,https://pixabay.com/sound-effects/nature-horse-breathing-103848/
3,HORSE,https://pixabay.com/sound-effects/nature-horse-352757/
3,patting horse,https://pixabay.com/sound-effects/film-special-effects-patting-horse-47153/
3,Paso Fino Horse,https://pixabay.com/sound-effects/nature-paso-fino-horse-76315/
3,the horse neighed,https://pixabay.com/sound-effects/nature-the-horse-neighed-433882/
3,Horse Galopp Race Pferderennen 02,https://pixabay.com/sound-effects/city-horse-galopp-race-pferderennen-02-37186/
3,Horse-Drawn Carriage in Old Town,https://pixabay.com/sound-effects/film-special-effects-horse-drawn-carriage-in-old-town-328482/
3,Horse walk with shoes,https://pixabay.com/sound-effects/nature-horse-walk-with-shoes-72340/
3,HORSE 3,https://pixabay.com/sound-effects/nature-horse-3-352763/
3,the horse walked and neighed,https://pixabay.com/sound-effects/nature-the-horse-walked-and-neighed-433884/
3,sfx-horse-steps-1.wav,https://pixabay.com/sound-effects/film-special-effects-sfx-horse-steps-1wav-14533/
3,029398_Maxheadroom's Galloping Horse (39 sec. loop),https://pixabay.com/sound-effects/film-special-effects-029398-maxheadroom39s-galloping-horse-39-sec-loop-73481/
3,065425_Horse Galopp horse-racing Pferderennen 03 .mp3,https://pixabay.com/sound-effects/city-065425-horse-galopp-horse-racing-pferderennen-03-mp3-37173/
4,Sound Effect - Horse Whinny 01,https://pixabay.com/sound-effects/nature-sound-effect-horse-whinny-01-372255/
4,Sound Effect - Horse Whinny 02,https://pixabay.com/sound-effects/nature-sound-effect-horse-whinny-02-372256/
4,Horse Clip Clopping Downhill (stereo),https://pixabay.com/sound-effects/film-special-effects-horse-clip-clopping-downhill-stereo-33768/
4,horse and musicians in the in town,https://pixabay.com/sound-effects/city-horse-and-musicians-in-the-in-town-36134/
4,Horse walk slow sound mks0127,https://pixabay.com/sound-effects/nature-horse-walk-slow-sound-mks0127-378537/
4,Arcade Horse Racing,https://pixabay.com/sound-effects/city-arcade-horse-racing-32871/
4,Horse outside eating breathing stomping quiet Saint John 190928,https://pixabay.com/sound-effects/nature-horse-outside-eating-breathing-stomping-quiet-saint-john-190928-17638/
4,HORSE 2,https://pixabay.com/sound-effects/nature-horse-2-352759/
4,Sound Effect - Horse Whinny 03,https://pixabay.com/sound-effects/nature-sound-effect-horse-whinny-03-372258/
4,Horse Running On Road With Wooden Cart Wagon Sound Loop ( A ) FL master 1 ( Edited Final ),https://pixabay.com/sound-effects/film-special-effects-horse-running-on-road-with-wooden-cart-wagon-sound-loop-a-fl-master-1-edited-final-520914/
4,horse walking sound (4),https://pixabay.com/sound-effects/horse-walking-sound-4-450266/
4,calling horse over,https://pixabay.com/sound-effects/film-special-effects-calling-horse-over-100266/
4,Harse Gallop Loop2,https://pixabay.com/sound-effects/film-special-effects-harse-gallop-loop2-103633/
4,Trumpet Horse Whinney,https://pixabay.com/sound-effects/nature-trumpet-horse-whinney-38590/
4,HORSE 1,https://pixabay.com/sound-effects/nature-horse-1-352758/
4,Theremin Horse,https://pixabay.com/sound-effects/film-special-effects-theremin-horse-99959/
4,horse walking sound (2),https://pixabay.com/sound-effects/horse-walking-sound-2-450264/
4,Horse eating a bread roll,https://pixabay.com/sound-effects/film-special-effects-horse-eating-a-bread-roll-67660/
4,Horses Galloping Sound Effect,https://pixabay.com/sound-effects/nature-horses-galloping-sound-effect-359257/
4,053889_Horse_neighing.wav,https://pixabay.com/sound-effects/nature-053889-horse-neighingwav-40655/
5,horse walking sound (3),https://pixabay.com/sound-effects/horse-walking-sound-3-450267/
5,HORSE EATING GRASS FARM AMBIANCE,https://pixabay.com/sound-effects/household-horse-eating-grass-farm-ambiance-51726/
5,Horse Neighing Sound Effect Notification,https://pixabay.com/sound-effects/nature-horse-neighing-sound-effect-notification-384518/
5,run,https://pixabay.com/sound-effects/nature-run-142540/
5,horse walking sound (1),https://pixabay.com/sound-effects/horse-walking-sound-1-450265/
5,ЛОШАДЬ,https://pixabay.com/sound-effects/nature-%D0%BB%D0%BE%D1%88%D0%B0%D0%B4%D1%8C-161426/
5,Valentino Horses Galloping By,https://pixabay.com/sound-effects/nature-valentino-horses-galloping-by-263822/
5,Horse Race,https://pixabay.com/sound-effects/people-horse-race-51209/
5,clatter of hooves,https://pixabay.com/sound-effects/film-special-effects-clatter-of-hooves-36140/
5,Mixed Whip Crack 1,https://pixabay.com/sound-effects/film-special-effects-mixed-whip-crack-1-102825/
5,Western Ride Spook,https://pixabay.com/sound-effects/film-special-effects-western-ride-spook-340690/
5,Pfrederennen Horses Race,https://pixabay.com/sound-effects/city-pfrederennen-horses-race-70839/
5,horse_galloping,https://pixabay.com/sound-effects/film-special-effects-horse-galloping-71755/
5,SRS_Foley_Horse_Galloping,https://pixabay.com/sound-effects/nature-srs-foley-horse-galloping-89478/
5,054277_horse's whinny,https://pixabay.com/sound-effects/nature-054277-horse39s-whinny-82317/
5,Horseback Western Background Music - Preview,https://pixabay.com/sound-effects/musical-horseback-western-background-music-preview-545323/
5,Fiaker,https://pixabay.com/sound-effects/city-fiaker-73119/
5,Horse Whinnies & Snorts SFX,https://pixabay.com/sound-effects/film-special-effects-horse-whinnies-amp-snorts-sfx-278668/
5,Caballo Ajedrez,https://pixabay.com/sound-effects/nature-caballo-ajedrez-95114/
5,Scratching,https://pixabay.com/sound-effects/film-special-effects-scratching-100265/
6,Horses Galloping Sound Effect,https://pixabay.com/sound-effects/nature-horses-galloping-sound-effect-359255/
6,A fast and energetic horse carriage (1),https://pixabay.com/sound-effects/a-fast-and-energetic-horse-carriage-1-450282/
6,gallop,https://pixabay.com/sound-effects/film-special-effects-gallop-98644/
6,clatter of hooves,https://pixabay.com/sound-effects/nature-clatter-of-hooves-54326/
6,A fast and energetic horse carriage (3),https://pixabay.com/sound-effects/a-fast-and-energetic-horse-carriage-3-450283/
6,Horse eating a bread roll,https://pixabay.com/sound-effects/nature-horse-eating-a-bread-roll-29086/
6,horse_galloping,https://pixabay.com/sound-effects/film-special-effects-horse-galloping-71754/
6,the sound of horses' hooves,https://pixabay.com/sound-effects/nature-the-sound-of-horsesx27-hooves-426146/
6,Horses Galloping Sound Effect,https://pixabay.com/sound-effects/nature-horses-galloping-sound-effect-359258/
6,Horses-kids,https://pixabay.com/sound-effects/people-horses-kids-39157/
6,Passing horses,https://pixabay.com/sound-effects/nature-passing-horses-71024/
6,Aquarium 001,https://pixabay.com/sound-effects/household-aquarium-001-120384/
6,075978_Horse Gallop,https://pixabay.com/sound-effects/nature-075978-horse-gallop-88010/
6,horse trot with medium-paced hoof impacts (2),https://pixabay.com/sound-effects/horse-trot-with-medium-paced-hoof-impacts-2-450269/
6,A fast and energetic horse carriage (4),https://pixabay.com/sound-effects/a-fast-and-energetic-horse-carriage-4-450281/
6,A fast and energetic horse carriage (2),https://pixabay.com/sound-effects/a-fast-and-energetic-horse-carriage-2-450280/
6,horse gallop sound (3),https://pixabay.com/sound-effects/horse-gallop-sound-3-450276/
6,081739_Horse,https://pixabay.com/sound-effects/film-special-effects-081739-horse-88614/
6,horse gallop sound (1),https://pixabay.com/sound-effects/horse-gallop-sound-1-450275/
7,Paardengetrappel.001(13),https://pixabay.com/sound-effects/nature-paardengetrappel00113-92805/
7,Call to Post,https://pixabay.com/sound-effects/film-special-effects-call-to-post-34068/
7,Cheval au galop,https://pixabay.com/sound-effects/nature-cheval-au-galop-75969/
7,Footsteps Dirt 01,https://pixabay.com/sound-effects/film-special-effects-footsteps-dirt-01-73777/
7,Coco Gabi,https://pixabay.com/sound-effects/nature-coco-gabi-48671/
7,horse_arches,https://pixabay.com/sound-effects/city-horse-arches-35371/
7,075594_Horse Gallop Loop.wav,https://pixabay.com/sound-effects/nature-075594-horse-gallop-loopwav-83713/
7,SlowFX_Horse_Gallop,https://pixabay.com/sound-effects/nature-slowfx-horse-gallop-65433/
7,Authentic Spurs,https://pixabay.com/sound-effects/film-special-effects-authentic-spurs-70398/
7,054280_Horse,https://pixabay.com/sound-effects/nature-054280-horse-86635/
7,ChevalBroute,https://pixabay.com/sound-effects/nature-chevalbroute-25220/
7,Vuol dire che ti ammazzo il prossimo cavallo,https://pixabay.com/sound-effects/people-vuol-dire-che-ti-ammazzo-il-prossimo-cavallo-260361/
7,maxime_gagneur04,https://pixabay.com/sound-effects/nature-maxime-gagneur04-90631/
7,MarbleGlass-HorseClick,https://pixabay.com/sound-effects/film-special-effects-marbleglass-horseclick-45641/
7,Horse_whinnying_1,https://pixabay.com/sound-effects/nature-horse-whinnying-1-30890/
7,Horses Pavement Then Cobblestone,https://pixabay.com/sound-effects/city-horses-pavement-then-cobblestone-19790/
7,Ariescephalosaurus Large Damage,https://pixabay.com/sound-effects/film-special-effects-ariescephalosaurus-large-damage-215248/
7,20149317_horse-being-brushed-while-shes-eating_ore-e-refineries_cool1_48000-16bit-mono_xxx_e-1-a_hevoslinja_aud,https://pixabay.com/sound-effects/nature-20149317-horse-being-brushed-while-shes-eating-ore-e-refineries-cool1-48000-16bit-mono-xxx-e-1-a-hevoslinja-aud-51551/
7,Blacksmith Workshop,https://pixabay.com/sound-effects/technology-blacksmith-workshop-24409/
8,R14-10-Horse Long Steady Walk,https://pixabay.com/sound-effects/city-r14-10-horse-long-steady-walk-53946/
8,R14-31-Horse Scene,https://pixabay.com/sound-effects/nature-r14-31-horse-scene-17197/
8,Horses hooves step sound on the ground,https://pixabay.com/sound-effects/nature-horses-hooves-step-sound-on-the-ground-239720/
8,Coconut,https://pixabay.com/sound-effects/film-special-effects-coconut-73807/
8,HorseCentralPark,https://pixabay.com/sound-effects/city-horsecentralpark-34740/
8,barn-48k,https://pixabay.com/sound-effects/household-barn-48k-55938/
8,jockey,https://pixabay.com/sound-effects/film-special-effects-jockey-99739/
8,horse trot with medium-paced hoof impacts (3),https://pixabay.com/sound-effects/horse-trot-with-medium-paced-hoof-impacts-3-450270/
8,Amish Buggy,https://pixabay.com/sound-effects/film-special-effects-amish-buggy-53754/
8,015942_RockingHorse&Cart1,https://pixabay.com/sound-effects/film-special-effects-015942-rockinghorseampcart1-56252/
8,Realistic Horse Neighing Sound Effect – High Quality,https://pixabay.com/sound-effects/nature-realistic-horse-neighing-sound-effect-high-quality-444189/
8,GEORGET_SOLENE_2019_Horse,https://pixabay.com/sound-effects/film-special-effects-georget-solene-2019-horse-45621/
8,ghimes_faget_village,https://pixabay.com/sound-effects/city-ghimes-faget-village-50585/
8,dame una bond,https://pixabay.com/sound-effects/people-dame-una-bond-209167/
8,Chick chirping2,https://pixabay.com/sound-effects/nature-chick-chirping2-332878/
8,R26-18-Foley Horse Hooves Walking,https://pixabay.com/sound-effects/nature-r26-18-foley-horse-hooves-walking-17029/
8,DOG7000%,https://pixabay.com/sound-effects/musical-dog7000-72480/
8,G52-14-Stage Coach Entrance and Exit,https://pixabay.com/sound-effects/technology-g52-14-stage-coach-entrance-and-exit-57549/
8,G38-10-Horse Walks on Pavement,https://pixabay.com/sound-effects/city-g38-10-horse-walks-on-pavement-22560/
8,soundnumber DOG41000% dedicatedtoola3hairislong,https://pixabay.com/sound-effects/film-special-effects-soundnumber-dog41000-dedicatedtoola3hairislong-48435/
9,jingles,https://pixabay.com/sound-effects/film-special-effects-jingles-76384/
9,DOG34000%,https://pixabay.com/sound-effects/film-special-effects-dog34000-54651/
9,AMB - Lonely Desolate Outlaw Remote Ambient Soundscape,https://pixabay.com/sound-effects/film-special-effects-amb-lonely-desolate-outlaw-remote-ambient-soundscape-452137/
9,Clomping,https://pixabay.com/sound-effects/nature-clomping-82749/
9,Horse Passing By,https://pixabay.com/sound-effects/nature-horse-passing-by-381977/
9,racing,https://pixabay.com/sound-effects/film-special-effects-racing-78675/
9,tsk,https://pixabay.com/sound-effects/nature-tsk-37433/
9,hammer tongue rooster song,https://pixabay.com/sound-effects/musical-hammer-tongue-rooster-song-17397/
9,King Alien is a Dog,https://pixabay.com/sound-effects/film-special-effects-king-alien-is-a-dog-72461/
9,DOG2000%,https://pixabay.com/sound-effects/musical-dog2000-72482/
9,cavalry charge hooves,https://pixabay.com/sound-effects/film-special-effects-cavalry-charge-hooves-431644/
9,Cavalo,https://pixabay.com/sound-effects/nature-cavalo-326319/
9,Chick chirping,https://pixabay.com/sound-effects/nature-chick-chirping-332877/
9,DOG6000%,https://pixabay.com/sound-effects/film-special-effects-dog6000-31867/
9,TemplarSounds-Horse.Army.on.the.move,https://pixabay.com/sound-effects/film-special-effects-templarsounds-horsearmyonthemove-547100/
9,pferdekutsche und verkehrslärm,https://pixabay.com/sound-effects/city-pferdekutsche-und-verkehrsl%C3%A4rm-103256/
9,Western Loop,https://pixabay.com/sound-effects/musical-western-loop-312712/
9,Sports_car_engine,https://pixabay.com/sound-effects/film-special-effects-sports-car-engine-422499/
9,Horse,https://pixabay.com/sound-effects/film-special-effects-horse-518752/
10,Cinematic Western Guitar Break 1,https://pixabay.com/sound-effects/film-special-effects-cinematic-western-guitar-break-1-527252/
10,Horse snort,https://pixabay.com/sound-effects/nature-horse-snort-434556/
10,DOG3000%,https://pixabay.com/sound-effects/film-special-effects-dog3000-103186/
10,DOG5000%,https://pixabay.com/sound-effects/musical-dog5000-72481/
10,DOG4000%,https://pixabay.com/sound-effects/musical-dog4000-31868/
10,DOG49000%lisbonthecityofligth#theteacherisachild,https://pixabay.com/sound-effects/city-dog49000lisbonthecityofligththeteacherisachild-17012/
10,DOG33000%,https://pixabay.com/sound-effects/film-special-effects-dog33000-59198/
10,DOG30000%,https://pixabay.com/sound-effects/musical-dog30000-31862/
10,R13-11-Horse on Sand or Dirt,https://pixabay.com/sound-effects/nature-r13-11-horse-on-sand-or-dirt-60611/
10,Cavalos_ (1),https://pixabay.com/sound-effects/nature-cavalos-1-329574/
10,"engine, silnik",https://pixabay.com/sound-effects/city-engine-silnik-342248/
10,DRIVING_CAR_INSIDE_STEREO,https://pixabay.com/sound-effects/film-special-effects-driving-car-inside-stereo-211111/
10,Cavalos_ (2),https://pixabay.com/sound-effects/nature-cavalos-2-329572/
10,Squeaky_oscillating_fan_sounds_like_horse_neighing,https://pixabay.com/sound-effects/technology-squeaky-oscillating-fan-sounds-like-horse-neighing-26721/
10,FOLEY - Heavily Laden Cart Moving Over Cobblestones Sound Effect,https://pixabay.com/sound-effects/film-special-effects-foley-heavily-laden-cart-moving-over-cobblestones-sound-effect-246657/
10,Buzina_de_bicicleta_ (3),https://pixabay.com/sound-effects/film-special-effects-buzina-de-bicicleta-3-329592/
10,Cart,https://pixabay.com/sound-effects/nature-cart-394026/
10,Marching Band Passes By,https://pixabay.com/sound-effects/musical-marching-band-passes-by-19819/
10,Gallop Concrete Joy,https://pixabay.com/sound-effects/film-special-effects-gallop-concrete-joy-549721/
10,Unicorn Space Whip,https://pixabay.com/sound-effects/film-special-effects-unicorn-space-whip-101033/
11,cavalo,https://pixabay.com/sound-effects/nature-cavalo-449749/
11,Horse neigh,https://pixabay.com/sound-effects/film-special-effects-horse-neigh-533213/
11,DOG1000%,https://pixabay.com/sound-effects/musical-dog1000-60922/
11,horse gallop sound (4),https://pixabay.com/sound-effects/horse-gallop-sound-4-450277/
11,6 horses gallop.wav,https://pixabay.com/sound-effects/nature-6-horses-gallopwav-14467/
11,Horse,https://pixabay.com/sound-effects/film-special-effects-horse-98853/
11,Horse Passing By,https://pixabay.com/sound-effects/nature-horse-passing-by-362039/
11,cavalo,https://pixabay.com/sound-effects/nature-cavalo-449739/
11,Dark Horse Logo,https://pixabay.com/sound-effects/musical-dark-horse-logo-165365/
11,Battle preparations,https://pixabay.com/sound-effects/film-special-effects-battle-preparations-6726/
11,Chick chirping1,https://pixabay.com/sound-effects/nature-chick-chirping1-332881/
11,Horses,https://pixabay.com/sound-effects/film-special-effects-horses-79631/
11,Horse snort,https://pixabay.com/sound-effects/film-special-effects-horse-snort-533214/
11,red horse run,https://pixabay.com/sound-effects/film-special-effects-red-horse-run-16923/
11,Horse neigh,https://pixabay.com/sound-effects/nature-horse-neigh-430661/
11,Horse_galloping,https://pixabay.com/sound-effects/film-special-effects-horse-galloping-546767/
11,Pintinho,https://pixabay.com/sound-effects/nature-pintinho-449751/
11,Horse_riding,https://pixabay.com/sound-effects/nature-horse-riding-422530/
11,Horn,https://pixabay.com/sound-effects/film-special-effects-horn-422751/
12,Malioboro140814,https://pixabay.com/sound-effects/film-special-effects-malioboro140814-32811/
12,gitara 9 rycerska przygoda,https://pixabay.com/sound-effects/musical-gitara-9-rycerska-przygoda-325960/
12,Large_truck_horn,https://pixabay.com/sound-effects/film-special-effects-large-truck-horn-431689/
12,Horse_riding,https://pixabay.com/sound-effects/nature-horse-riding-422519/
12,look horse,https://pixabay.com/sound-effects/look-horse-15075/
12,Pintinho,https://pixabay.com/sound-effects/nature-pintinho-449748/
12,STAPLE BOX,https://pixabay.com/sound-effects/technology-staple-box-30439/
12,SOCADOR DE ALHO,https://pixabay.com/sound-effects/film-special-effects-socador-de-alho-30389/
12,Cavalo1,https://pixabay.com/sound-effects/nature-cavalo1-326313/
12,horse footsteps brake applied,https://pixabay.com/sound-effects/film-special-effects-horse-footsteps-brake-applied-235980/
12,000314_Horses and Thunder.flac,https://pixabay.com/sound-effects/nature-000314-horses-and-thunderflac-60215/
12,Horses Galloping,https://pixabay.com/sound-effects/nature-horses-galloping-102046/
12,horse footsteps type 2,https://pixabay.com/sound-effects/nature-horse-footsteps-type-2-235985/
12,MAKAN,https://pixabay.com/sound-effects/people-makan-341955/
12,hackney coach-4,https://pixabay.com/sound-effects/city-hackney-coach-4-19952/
12,Cinematic Western Guitar Break 2,https://pixabay.com/sound-effects/film-special-effects-cinematic-western-guitar-break-2-527253/
12,horse trot with medium-paced hoof impacts (1),https://pixabay.com/sound-effects/horse-trot-with-medium-paced-hoof-impacts-1-450268/
12,Country road,https://pixabay.com/sound-effects/city-country-road-24019/
12,Horses Trotting & Other Outdoor Noises,https://pixabay.com/sound-effects/film-special-effects-horses-trotting-amp-other-outdoor-noises-314377/
12,"horse-drawn carriage, bells, street",https://pixabay.com/sound-effects/city-horse-drawn-carriage-bells-street-69537/
13,Soundscape (sounds only),https://pixabay.com/sound-effects/film-special-effects-soundscape-sounds-only-54125/
13,horse neigh no copyright sound effect,https://pixabay.com/sound-effects/nature-horse-neigh-no-copyright-sound-effect-421865/
13,Horse_sound,https://pixabay.com/sound-effects/nature-horse-sound-400727/
13,Toy Horse Hooves,https://pixabay.com/sound-effects/film-special-effects-toy-horse-hooves-26485/
13,Positive Western Background Music - Preview,https://pixabay.com/sound-effects/musical-positive-western-background-music-preview-545332/
13,Cavalos_ (3),https://pixabay.com/sound-effects/film-special-effects-cavalos-3-329581/
13,Cartoon_character_run,https://pixabay.com/sound-effects/cartoon-character-run-461004/
13,ponies.wav,https://pixabay.com/sound-effects/nature-ponieswav-70523/
13,Bright Western Trail Music - Preview,https://pixabay.com/sound-effects/musical-bright-western-trail-music-preview-545325/
13,Pintinho,https://pixabay.com/sound-effects/pintinho-449760/
13,rodeo tonal experiment,https://pixabay.com/sound-effects/musical-rodeo-tonal-experiment-53243/
13,People screaming,https://pixabay.com/sound-effects/people-people-screaming-336047/
13,neigh,https://pixabay.com/sound-effects/nature-neigh-411881/
13,R14-44-Horses Reverb,https://pixabay.com/sound-effects/film-special-effects-r14-44-horses-reverb-22866/
13,FX4546 Rough Seas,https://pixabay.com/sound-effects/film-special-effects-fx4546-rough-seas-535007/
13,Horse_sound,https://pixabay.com/sound-effects/nature-horse-sound-401888/
13,neigh,https://pixabay.com/sound-effects/nature-neigh-411858/
13,cavalo,https://pixabay.com/sound-effects/nature-cavalo-449752/
13,MallorcaNight-no100Clean,https://pixabay.com/sound-effects/city-mallorcanight-no100clean-60966/
14,Horse_sound,https://pixabay.com/sound-effects/nature-horse-sound-400736/
14,mountypolice_bynight,https://pixabay.com/sound-effects/city-mountypolice-bynight-75738/
14,Horse_riding,https://pixabay.com/sound-effects/nature-horse-riding-422506/
14,Horse_riding,https://pixabay.com/sound-effects/nature-horse-riding-422503/
14,neigh,https://pixabay.com/sound-effects/nature-neigh-411886/
14,022593_secretariat the horse built by GOD,https://pixabay.com/sound-effects/musical-022593-secretariat-the-horse-built-by-god-72587/
14,cavalo,https://pixabay.com/sound-effects/nature-cavalo-449743/
14,neigh-,https://pixabay.com/sound-effects/nature-neigh-411850/
14,Cavalos_,https://pixabay.com/sound-effects/film-special-effects-cavalos-329582/
14,Relincho_de_cavalo,https://pixabay.com/sound-effects/nature-relincho-de-cavalo-352125/
14,Horse_sound,https://pixabay.com/sound-effects/nature-horse-sound-401886/
14,Relincho_de_cavalo,https://pixabay.com/sound-effects/nature-relincho-de-cavalo-352114/
14,Relincho_de_cavalo,https://pixabay.com/sound-effects/nature-relincho-de-cavalo-352111/
14,Sleep Nature,https://pixabay.com/sound-effects/nature-sleep-nature-311120/
14,Cavalo2,https://pixabay.com/sound-effects/nature-cavalo2-326315/
14,Horse_sound,https://pixabay.com/sound-effects/nature-horse-sound-400731/
14,Cavalo3,https://pixabay.com/sound-effects/nature-cavalo3-326314/
14,Horse_sound,https://pixabay.com/sound-effects/nature-horse-sound-402203/
14,Horse_sound,https://pixabay.com/sound-effects/nature-horse-sound-402202/
15,Horse_sound,https://pixabay.com/sound-effects/nature-horse-sound-402212/
15,Horse_sound,https://pixabay.com/sound-effects/nature-horse-sound-402211/
15,Relincho_de_cavalo,https://pixabay.com/sound-effects/nature-relincho-de-cavalo-352113/
15,Sunset Canyon Western Music - Preview,https://pixabay.com/sound-effects/musical-sunset-canyon-western-music-preview-545346/
15,Large_truck_horn,https://pixabay.com/sound-effects/film-special-effects-large-truck-horn-431714/
15,Chick,https://pixabay.com/sound-effects/musical-chick-389944/
15,Pintinho,https://pixabay.com/sound-effects/pintinho-449750/
15,Buzina_de_bicicleta_,https://pixabay.com/sound-effects/film-special-effects-buzina-de-bicicleta-329580/
15,excited people,https://pixabay.com/sound-effects/people-excited-people-336046/
15,Buzina_de_bicicleta_ (1),https://pixabay.com/sound-effects/nature-buzina-de-bicicleta-1-329593/
15,Large_truck_horn,https://pixabay.com/sound-effects/film-special-effects-large-truck-horn-431708/
15,LA RAMBLA street ambience horse and chariot barcelona,https://pixabay.com/sound-effects/city-la-rambla-street-ambience-horse-and-chariot-barcelona-22794/
15,Asphalt roller packing machine 80 horse moving forward and backward with beep,https://pixabay.com/sound-effects/technology-asphalt-roller-packing-machine-80-horse-moving-forward-and-backward-with-beep-19207/
15,Car_brake_with_knock_ (2),https://pixabay.com/sound-effects/film-special-effects-car-brake-with-knock-2-329573/
